"file","seq","title"
"docs/sillyspec/troubleshooting.md","1","1. Stage Review marker runId 格式（review- 前缀，CLI 自动生成）"
"docs/sillyspec/troubleshooting.md","2","2. docHash 漂移（design 改一字就要重算 sha256 + 续审）"
"docs/sillyspec/troubleshooting.md","3","3. 子代理撞主模型 5h 限额（429 中断）"
"docs/sillyspec/troubleshooting.md","4","4. requiresWait 两段式（--wait/--continue + AskUserQuestion）"
"docs/sillyspec/troubleshooting.md","5","5. _module-map.yaml schema_version=1 警告刷屏（已止血，根因待修）"
"docs/sillyspec/troubleshooting.md","6","6. QUICKLOG 轮转归档（提交时带上）"
"docs/sillyspec/troubleshooting.md","7","7. home 下长出平行 .sillyspec（读路径建库 + 向上解析无守卫，已根治）"
"docs/sillyspec/troubleshooting.md","8","8. `run quick --help` 误开会话（--help 被静默吞，已修）"
"docs/sillyspec/troubleshooting.md","9","9. quick --done 审计把并行会话的删除算成本会话（双重误判，2026-08-16 实证）"
"docs/sillyspec/troubleshooting.md","10","10. 并发状态分裂三坑（execute run 目录静默缺失 / apply --merge baseline 冲突 / 活文档引用漂移，2026-08-16 闭环）"
"docs/sillyspec/troubleshooting.md","11","11. archive module-impact 检查失败打印裸 [object Object]（2026-08-19 实证）"
"docs/sillyspec/troubleshooting.md","12","12. plan 生成 module-impact 章节名与 archive-impact 契约不同源（2026-08-19 实证）"
"docs/sillyspec/troubleshooting.md","13","13. 工具驾驭三坑：review.json 手工回填 / --answer 提示滞后 / base_ts 冲突再现（2026-08-19 闭环）"
"docs/sillyspec/troubleshooting.md","14","14. quick 末步四字段模板展示滞后（2026-08-20 已修）"
"docs/sillyspec/troubleshooting.md","15","15. 三坑：install 白名单拒 monorepo 链式 / doctor --fix 误删活跃分支 / verify-postcheck CRLF（2026-08-20 闭环）"
"docs/sillyspec/troubleshooting.md","16","16. 四坑：execute 步骤表漂移 / doctor align 绕过 review 门 / modules 引号值转义 / taskcard 反引号（2026-08-20 闭环）"
"docs/sillyspec/troubleshooting.md","17","17. 三坑：ruff format × CRLF stash 死循环 / docHash 手工联动 / task review 草稿漏 task（2026-08-21 闭环）"
"docs/sillyspec/troubleshooting.md","18","18. quick 会话的文件路径规则提示误导纯代码 quick（2026-08-21 已修）"
"docs/sillyspec/troubleshooting.md","19","19. 三坑：建议命令缺 --change / baseline 裹挟跨变更 spec 文档 / 草稿归属漏未提交改动（2026-08-21 闭环）"
"docs/sillyspec/troubleshooting.md","20","20. 手动归档绕行 → 自愈/幽灵清理只翻 status，平台渲染成「进度丢失」（2026-08-21 闭环）"
"docs/sillyspec/troubleshooting.md","21","21. 三坑：apply 后提交误扫 / 他者半归档残留无提示 / review 引用分支只能手动保留（2026-08-21 闭环）"
"docs/sillyspec/troubleshooting.md","22","22. 四坑：provision 假 installed / 验证 task 零 diff 误杀 / Wave 漏识别 / taskcard 逐卡裁决（2026-08-21 闭环）"
"docs/sillyspec/troubleshooting.md","23","23. 四坑：parity 扫描噪音 / module 0 命中未提交改动 / junction 假成功第②层 / 模板元数据头滞后（2026-08-21 闭环）"
"docs/sillyspec/troubleshooting.md","24","24. 三坑：归档尾声 sync 噪音 / 孤儿 worktree 物理目录 / progress show 停留旧阶段（2026-08-21 闭环）"
"docs/sillyspec/troubleshooting.md","25","25. 三坑：未落仓虚警 / 归档变更 worktree 误供给 / verify 服务进程泄漏（2026-08-21 闭环）"
"docs/sillyspec/troubleshooting.md","26","26. 坑 22-① 复发：monorepo 子包假 installed（2026-08-22 闭环）"
"docs/sillyspec/troubleshooting.md","27","27. 四坑（全程总结批）：junction 丢失强装依赖 / apply ENOBUFS / 字面证据误拦 / 跨变更冲突无预警（2026-08-22 闭环）"
"docs/sillyspec/troubleshooting.md","28","28. 两坑：module 匹配对 monorepo 布局失灵 / dev server 端口竞争误判（2026-08-22 闭环）"
"docs/sillyspec/troubleshooting.md","29","29. 三坑：head 真实 commit 契约后知 / changedFiles 注记后缀误判不相交 / 文档债拖到 verify 才拦（2026-08-22 闭环）"
"docs/sillyspec/troubleshooting.md","30","30. 两坑：--file-notes 非末步静默丢 / --files 追加不解锁危险拦截（2026-08-22 闭环）"
"docs/sillyspec/troubleshooting.md","31","31. 两坑：关联变更遗留误拦 / tasks.md 追加行落「提案书（Proposal）」占位（2026-08-22 闭环）"
"docs/sillyspec/troubleshooting.md","32","32. 三坑：TaskCard body 章节返工 / design 组合单元格对账过严 / 并发宽严不一致无说明（2026-08-22 闭环）"
"docs/sillyspec/troubleshooting.md","33","33. 三坑：探针5基线失配全量误报 / 子代理未 commit 纯新增文件 apply 炸 / pull 部署噪声落冲突（2026-08-23 闭环）"
"docs/sillyspec/troubleshooting.md","34","34. 五坑：状态机矛盾 / autoCheck 写 worktree / 子模块漏链 / 探针5口径 / 共享主仓竞态（2026-08-23 闭环）"
"docs/sillyspec/troubleshooting.md","35","35. 两坑：并行会话已声明文件误拦 / 四字段模板防线后置（2026-08-23 闭环）"
"docs/sillyspec/troubleshooting.md","36","36. 五坑：doctor 假 re-provisioned / apply 并发互踩+整批跳过 / push 409 内容一致自愈失效（sort TypeError）/ 409 横幅刷屏 / created_at UTC（2026-08-23 闭环）"
"docs/sillyspec/troubleshooting.md","37","37. 四坑：--merge 冲突即 abort / 已 merge 分支误判未落地 / archive 子确认碎 / verify 对账误伤+跨会话杀进程（2026-08-23 闭环）"
"docs/sillyspec/troubleshooting.md","38","38. 三坑：register-repo CRLF 假成功死循环 / 幽灵目录 junction 穿透 / 派生产物旧基线覆盖（2026-08-23 闭环）"
"docs/sillyspec/troubleshooting.md","39","39. 三坑：多行装饰器漏扫端点误报 / 探针1 worktree 路径盲区 / baseline checkpoint 夹带不透明 + FAIL 重验成本无预告（2026-08-24 闭环）"
"docs/sillyspec/troubleshooting.md","40","40. 三坑：主仓在途改动 apply 三路死锁 / stash pop 静默不落地 / review 未声明的执行期偏差拦 apply（2026-08-24 闭环）"
"docs/sillyspec/troubleshooting.md","41","41. 两坑：同名分支冲突死锁+误导删分支 / brainstorm-auto 无模板骨架连环卡字面门（2026-08-24 闭环）"
"docs/sillyspec/troubleshooting.md","42","42. 多会话单工作区混战（固有风险记录，2026-08-24 用户实证归档）"
"docs/sillyspec/troubleshooting.md","43","43. 三坑：跨变更归属排除警告刷屏 / 并行子代理 taskcard CLI 撞 SQLite 锁 / worktree editable-install 越界（2026-08-25 闭环）"
"docs/sillyspec/troubleshooting.md","44","44. 一坑：Git Bash(MSYS) 路径转换污染 quick prose 参数（2026-08-27 闭环）"
"docs/sillyspec/troubleshooting.md","45","45. 一坑：verify 测试对账把含 failed 字样的通过行误判失败行（2026-08-28 闭环）"
"docs/sillyspec/troubleshooting.md","46","46. 一坑：verify 对账把 vitest 捕获块【内容行】误判失败行（2026-08-31 闭环）"
"docs/sillyspec/troubleshooting.md","47","47. 一坑：endpoints artifact 不含挂载前缀 → 探针 5 全量假 missing（2026-08-31 闭环）"
"docs/sillyspec/troubleshooting.md","48","48. 一坑：verify 对账把 pytest warnings summary 误判失败行（2026-09-02 闭环）"
"docs/sillyspec/troubleshooting.md","49","49. 一坑：conditionalWait 步骤 --continue 被 --answer 直接收尾，agent 备好的 --done 落到下一步假完成（2026-09-02 闭环）"
"docs/sillyspec/troubleshooting.md","50","50. 一坑：per-task review 的 base..head 与「主代理统一 commit」模式天然冲突（2026-09-02 闭环）"
"docs/sillyspec/troubleshooting.md","51","51. 一坑：spec-sync 未决冲突期间横幅连环刷屏 + 残留标记永久红标（2026-09-03 闭环）"
"docs/sillyspec/troubleshooting.md","52","52. 三坑：spec 树冲突无「接受服务器版本」/ quick WARNING 审计无解法指引 / 空壳会话只能手工清（2026-09-03 闭环）"
"docs/sillyspec/troubleshooting.md","53","53. 三坑：--done 对不存在 change 静默新建 / progress repair 对双库分裂失明 / docHash 失配忘手动刷新（2026-09-04 闭环）"
"docs/sillyspec/troubleshooting.md","54","54. 一坑：spec-sync 间歇打 ""This operation was aborted"" 像未知异常（2026-09-07 闭环）"
"docs/sillyspec/troubleshooting.md","55","55. 三坑：verify 判账 tail 盲区归因难 / 豁免匹配不剥 ANSI / known_failures 连续链解析脆弱（2026-09-07 闭环）"
"docs/sillyspec/troubleshooting.md","56","56. 归档转换拦截「execute → archive」：--done 直达完成不写 currentStage（2026-09-08 已修复）"
"docs/sillyspec/troubleshooting.md","57","57. 两坑：pre-commit stash-restore 吞常规提交（三现）/ 批量文本替换无 assert 静默流失（2026-09-10 用户实证，workaround 文档化）"
"docs/sillyspec/troubleshooting.md","58","59. 三坑 postmortem：跨仓 worktree 被主仓清理面误删 / 跨仓 baseline checkpoint 卷入外来文件 / 门禁沙箱环境不一致（2026-09-12 用户实证，已修复）"
"docs/sillyspec/troubleshooting.md","59","60. 三坑：门禁沙箱环境缺失必挂（只能 advisory）/ 中断续跑半成品无主 / 回执解析全角缺陷（2026-09-12 用户实证，已修复）"
"docs/sillyspec/troubleshooting.md","60","61. 两坑：门禁快照对 monorepo 依赖布局不可用（四次重试才定位路径）/ baseline checkpoint 卷入 289MB 部署 tar.gz（2026-09-12 用户实证，已修复）"
"docs/sillyspec/troubleshooting.md","61","62. 两坑：审计 fail-closed 误伤并行会话 spec 残留（归档移动/未跟踪脚本）/ gen:types 行尾重写假 M（2026-09-12 用户实证，已修复）"
"docs/sillyspec/troubleshooting.md","62","63. 四坑：review.json 神秘空壳覆写（溯源戳根治）/ pnpm 沙箱必假败（布局探测跳过）/ probe1 NEW: 前缀失配噪声 / bash 长 heredoc 截断（2026-09-12 用户实证，已修复/落档）"
"docs/sillyspec/troubleshooting.md","63","64. apply 与并行会话工作区互相冲掉（2026-09-14 用户实证，已修复/落档）"
"docs/sillyspec/troubleshooting.md","64","65. 两坑：归档后 worktree 被并行会话代劳清理（change 无所有权）/ review 放行通道放进外来文件（2026-09-14 用户实证，护栏方向已立项）"
"docs/sillyspec/troubleshooting.md","65","66. 五坑：execute 双真相门禁口径（worktree 感知收敛）（2026-09-15 用户实证，已修复）"
"docs/sillyspec/troubleshooting.md","66","67. quick/全流程 `--done` 被 spec-sync 网络尾巴拖住分钟级不返回（2026-09-20 用户实证，已修复）"
"docs/troubleshooting.md","67","sillyspec 命令报 `Cannot find module '.../node_modules/sillyspec/bin/sillyspec.js'`"
"docs/troubleshooting.md","68","给 sillyspec 写测试 / 改 CRLF 文件时 Edit 工具失配"